Feature,Importance
Population,0.0
Longitude,2.0
Latitude,0.0
Km2,0.0
UrbanDensity,0.0
PercentUrban,0.0
Emp-113110,0.0
Est-113110,0.0
Pay-113110,0.0
Emp-113310,2.0
Est-113310,0.0
Pay-113310,1.0
Emp-114111,0.0
Est-114111,0.0
Pay-114111,0.0
Emp-114112,0.0
Est-114112,0.0
Pay-114112,0.0
Emp-115112,0.0
Est-115112,0.0
Pay-115112,0.0
Emp-115210,0.0
Est-115210,0.0
Pay-115210,0.0
Emp-115310,0.0
Est-115310,0.0
Pay-115310,0.0
Emp-221111,0.0
Est-221111,0.0
Pay-221111,0.0
Emp-221121,0.0
Est-221121,0.0
Pay-221121,0.0
Emp-221122,0.0
Est-221122,0.0
Pay-221122,0.0
Emp-221210,0.0
Est-221210,0.0
Pay-221210,0.0
Emp-221310,0.0
Est-221310,0.0
Pay-221310,0.0
Emp-236115,1.0
Est-236115,1.0
Pay-236115,0.0
Emp-236117,0.0
Est-236117,0.0
Pay-236117,0.0
Emp-236118,0.0
Est-236118,0.0
Pay-236118,0.0
Emp-236220,1.0
Est-236220,0.0
Pay-236220,1.0
Emp-237110,0.0
Est-237110,0.0
Pay-237110,0.0
Emp-237120,0.0
Est-237120,0.0
Pay-237120,0.0
Emp-237130,0.0
Est-237130,0.0
Pay-237130,0.0
Emp-237210,0.0
Est-237210,0.0
Pay-237210,0.0
Emp-237310,0.0
Est-237310,0.0
Pay-237310,0.0
Emp-237990,0.0
Est-237990,0.0
Pay-237990,0.0
Emp-238110,0.0
Est-238110,0.0
Pay-238110,0.0
Emp-238120,0.0
Est-238120,0.0
Pay-238120,0.0
Emp-238130,1.0
Est-238130,0.0
Pay-238130,1.0
Emp-238140,0.0
Est-238140,0.0
Pay-238140,0.0
Emp-238150,0.0
Est-238150,0.0
Pay-238150,0.0
Emp-238160,4.0
Est-238160,0.0
Pay-238160,4.0
Emp-238170,0.0
Est-238170,0.0
Pay-238170,0.0
Emp-238190,0.0
Est-238190,0.0
Pay-238190,0.0
Emp-238210,0.0
Est-238210,2.0
Pay-238210,0.0
Emp-238220,0.0
Est-238220,0.0
Pay-238220,0.0
Emp-238290,0.0
Est-238290,0.0
Pay-238290,0.0
Emp-238310,0.0
Est-238310,0.0
Pay-238310,0.0
Emp-238320,0.0
Est-238320,0.0
Pay-238320,0.0
Emp-238330,0.0
Est-238330,0.0
Pay-238330,0.0
Emp-238340,1.0
Est-238340,0.0
Pay-238340,0.0
Emp-238350,0.0
Est-238350,1.0
Pay-238350,0.0
Emp-238390,0.0
Est-238390,0.0
Pay-238390,1.0
Emp-238910,0.0
Est-238910,0.0
Pay-238910,0.0
Emp-238990,0.0
Est-238990,0.0
Pay-238990,0.0
Emp-311352,0.0
Est-311352,0.0
Pay-311352,0.0
Emp-311411,0.0
Est-311411,0.0
Pay-311411,0.0
Emp-311611,0.0
Est-311611,0.0
Pay-311611,0.0
Emp-311612,0.0
Est-311612,0.0
Pay-311612,0.0
Emp-311710,0.0
Est-311710,0.0
Pay-311710,0.0
Emp-311811,0.0
Est-311811,0.0
Pay-311811,0.0
Emp-311812,0.0
Est-311812,0.0
Pay-311812,0.0
Emp-311920,0.0
Est-311920,0.0
Pay-311920,0.0
Emp-311941,0.0
Est-311941,0.0
Pay-311941,0.0
Emp-312120,0.0
Est-312120,0.0
Pay-312120,0.0
Emp-312130,0.0
Est-312130,0.0
Pay-312130,0.0
Emp-312140,0.0
Est-312140,0.0
Pay-312140,0.0
Emp-313210,0.0
Est-313210,0.0
Pay-313210,0.0
Emp-314910,0.0
Est-314910,0.0
Pay-314910,0.0
Emp-314994,0.0
Est-314994,0.0
Pay-314994,0.0
Emp-314999,0.0
Est-314999,0.0
Pay-314999,0.0
Emp-315990,0.0
Est-315990,0.0
Pay-315990,0.0
Emp-316210,0.0
Est-316210,0.0
Pay-316210,0.0
Emp-321113,0.0
Est-321113,0.0
Pay-321113,0.0
Emp-321219,0.0
Est-321219,0.0
Pay-321219,0.0
Emp-321912,0.0
Est-321912,0.0
Pay-321912,0.0
Emp-321918,0.0
Est-321918,0.0
Pay-321918,0.0
Emp-321920,0.0
Est-321920,0.0
Pay-321920,0.0
Emp-321992,0.0
Est-321992,0.0
Pay-321992,0.0
Emp-321999,0.0
Est-321999,0.0
Pay-321999,0.0
Emp-323111,1.0
Est-323111,0.0
Pay-323111,0.0
Emp-323113,0.0
Est-323113,0.0
Pay-323113,0.0
Emp-325414,0.0
Est-325414,0.0
Pay-325414,0.0
Emp-326199,0.0
Est-326199,0.0
Pay-326199,0.0
Emp-327110,0.0
Est-327110,0.0
Pay-327110,0.0
Emp-327320,0.0
Est-327320,0.0
Pay-327320,0.0
Emp-327390,0.0
Est-327390,0.0
Pay-327390,0.0
Emp-327991,0.0
Est-327991,0.0
Pay-327991,0.0
Emp-332311,0.0
Est-332311,0.0
Pay-332311,0.0
Emp-332312,0.0
Est-332312,0.0
Pay-332312,0.0
Emp-332322,0.0
Est-332322,0.0
Pay-332322,0.0
Emp-332323,0.0
Est-332323,0.0
Pay-332323,0.0
Emp-332710,1.0
Est-332710,0.0
Pay-332710,0.0
Emp-332721,0.0
Est-332721,0.0
Pay-332721,0.0
Emp-332812,0.0
Est-332812,0.0
Pay-332812,0.0
Emp-332813,0.0
Est-332813,0.0
Pay-332813,0.0
Emp-332999,0.0
Est-332999,0.0
Pay-332999,0.0
Emp-333318,0.0
Est-333318,0.0
Pay-333318,0.0
Emp-333999,0.0
Est-333999,0.0
Pay-333999,0.0
Emp-334513,0.0
Est-334513,0.0
Pay-334513,0.0
Emp-334516,0.0
Est-334516,0.0
Pay-334516,0.0
Emp-336611,0.0
Est-336611,0.0
Pay-336611,0.0
Emp-336612,0.0
Est-336612,0.0
Pay-336612,0.0
Emp-337110,0.0
Est-337110,0.0
Pay-337110,0.0
Emp-337121,0.0
Est-337121,0.0
Pay-337121,0.0
Emp-337122,0.0
Est-337122,0.0
Pay-337122,0.0
Emp-337212,0.0
Est-337212,0.0
Pay-337212,0.0
Emp-339116,0.0
Est-339116,0.0
Pay-339116,0.0
Emp-339910,0.0
Est-339910,0.0
Pay-339910,0.0
Emp-339950,0.0
Est-339950,0.0
Pay-339950,0.0
Emp-339992,0.0
Est-339992,0.0
Pay-339992,0.0
Emp-339999,0.0
Est-339999,0.0
Pay-339999,0.0
Emp-423110,0.0
Est-423110,0.0
Pay-423110,0.0
Emp-423120,0.0
Est-423120,0.0
Pay-423120,0.0
Emp-423130,0.0
Est-423130,0.0
Pay-423130,0.0
Emp-423140,0.0
Est-423140,0.0
Pay-423140,0.0
Emp-423210,0.0
Est-423210,0.0
Pay-423210,0.0
Emp-423220,0.0
Est-423220,0.0
Pay-423220,0.0
Emp-423310,0.0
Est-423310,0.0
Pay-423310,0.0
Emp-423320,0.0
Est-423320,0.0
Pay-423320,0.0
Emp-423330,0.0
Est-423330,0.0
Pay-423330,0.0
Emp-423390,0.0
Est-423390,0.0
Pay-423390,0.0
Emp-423420,0.0
Est-423420,0.0
Pay-423420,0.0
Emp-423430,0.0
Est-423430,0.0
Pay-423430,0.0
Emp-423440,0.0
Est-423440,0.0
Pay-423440,0.0
Emp-423450,0.0
Est-423450,0.0
Pay-423450,0.0
Emp-423490,0.0
Est-423490,0.0
Pay-423490,0.0
Emp-423510,0.0
Est-423510,0.0
Pay-423510,0.0
Emp-423610,0.0
Est-423610,0.0
Pay-423610,0.0
Emp-423690,0.0
Est-423690,0.0
Pay-423690,0.0
Emp-423710,0.0
Est-423710,0.0
Pay-423710,0.0
Emp-423720,0.0
Est-423720,0.0
Pay-423720,0.0
Emp-423730,0.0
Est-423730,0.0
Pay-423730,0.0
Emp-423810,0.0
Est-423810,0.0
Pay-423810,0.0
Emp-423820,4.0
Est-423820,2.0
Pay-423820,0.0
Emp-423830,0.0
Est-423830,0.0
Pay-423830,0.0
Emp-423840,0.0
Est-423840,0.0
Pay-423840,0.0
Emp-423850,0.0
Est-423850,0.0
Pay-423850,0.0
Emp-423860,0.0
Est-423860,0.0
Pay-423860,0.0
Emp-423910,0.0
Est-423910,0.0
Pay-423910,0.0
Emp-423930,1.0
Est-423930,0.0
Pay-423930,0.0
Emp-423940,0.0
Est-423940,0.0
Pay-423940,0.0
Emp-423990,0.0
Est-423990,0.0
Pay-423990,0.0
Emp-424120,0.0
Est-424120,0.0
Pay-424120,0.0
Emp-424130,0.0
Est-424130,0.0
Pay-424130,0.0
Emp-424210,0.0
Est-424210,0.0
Pay-424210,0.0
Emp-424320,0.0
Est-424320,0.0
Pay-424320,0.0
Emp-424330,0.0
Est-424330,0.0
Pay-424330,0.0
Emp-424340,0.0
Est-424340,0.0
Pay-424340,0.0
Emp-424420,0.0
Est-424420,0.0
Pay-424420,0.0
Emp-424430,0.0
Est-424430,0.0
Pay-424430,0.0
Emp-424450,0.0
Est-424450,0.0
Pay-424450,0.0
Emp-424460,0.0
Est-424460,0.0
Pay-424460,0.0
Emp-424480,0.0
Est-424480,0.0
Pay-424480,0.0
Emp-424490,0.0
Est-424490,0.0
Pay-424490,0.0
Emp-424610,0.0
Est-424610,0.0
Pay-424610,0.0
Emp-424690,0.0
Est-424690,0.0
Pay-424690,0.0
Emp-424710,0.0
Est-424710,0.0
Pay-424710,0.0
Emp-424720,0.0
Est-424720,0.0
Pay-424720,0.0
Emp-424810,0.0
Est-424810,0.0
Pay-424810,0.0
Emp-424820,0.0
Est-424820,0.0
Pay-424820,0.0
Emp-424910,0.0
Est-424910,0.0
Pay-424910,0.0
Emp-424920,0.0
Est-424920,0.0
Pay-424920,0.0
Emp-424930,0.0
Est-424930,0.0
Pay-424930,0.0
Emp-424990,0.0
Est-424990,0.0
Pay-424990,0.0
Emp-425120,0.0
Est-425120,0.0
Pay-425120,0.0
Emp-441110,0.0
Est-441110,0.0
Pay-441110,0.0
Emp-441120,0.0
Est-441120,0.0
Pay-441120,0.0
Emp-441210,0.0
Est-441210,0.0
Pay-441210,0.0
Emp-441222,0.0
Est-441222,2.0
Pay-441222,0.0
Emp-441228,0.0
Est-441228,0.0
Pay-441228,0.0
Emp-441310,0.0
Est-441310,0.0
Pay-441310,0.0
Emp-441320,0.0
Est-441320,0.0
Pay-441320,0.0
Emp-442110,0.0
Est-442110,1.0
Pay-442110,0.0
Emp-442210,0.0
Est-442210,0.0
Pay-442210,0.0
Emp-442291,0.0
Est-442291,0.0
Pay-442291,0.0
Emp-442299,0.0
Est-442299,0.0
Pay-442299,0.0
Emp-443141,0.0
Est-443141,0.0
Pay-443141,0.0
Emp-443142,1.0
Est-443142,0.0
Pay-443142,0.0
Emp-444110,0.0
Est-444110,0.0
Pay-444110,0.0
Emp-444120,0.0
Est-444120,0.0
Pay-444120,0.0
Emp-444130,0.0
Est-444130,1.0
Pay-444130,0.0
Emp-444190,0.0
Est-444190,1.0
Pay-444190,0.0
Emp-444210,0.0
Est-444210,0.0
Pay-444210,0.0
Emp-444220,0.0
Est-444220,0.0
Pay-444220,2.0
Emp-445110,0.0
Est-445110,0.0
Pay-445110,0.0
Emp-445120,0.0
Est-445120,0.0
Pay-445120,0.0
Emp-445210,0.0
Est-445210,0.0
Pay-445210,0.0
Emp-445220,0.0
Est-445220,0.0
Pay-445220,0.0
Emp-445230,0.0
Est-445230,0.0
Pay-445230,0.0
Emp-445291,0.0
Est-445291,0.0
Pay-445291,0.0
Emp-445292,0.0
Est-445292,0.0
Pay-445292,0.0
Emp-445299,0.0
Est-445299,0.0
Pay-445299,0.0
Emp-445310,0.0
Est-445310,0.0
Pay-445310,0.0
Emp-446110,1.0
Est-446110,0.0
Pay-446110,0.0
Emp-446120,0.0
Est-446120,0.0
Pay-446120,0.0
Emp-446130,0.0
Est-446130,0.0
Pay-446130,0.0
Emp-446191,0.0
Est-446191,0.0
Pay-446191,0.0
Emp-446199,0.0
Est-446199,0.0
Pay-446199,0.0
Emp-447110,0.0
Est-447110,0.0
Pay-447110,0.0
Emp-447190,0.0
Est-447190,0.0
Pay-447190,0.0
Emp-448110,0.0
Est-448110,0.0
Pay-448110,0.0
Emp-448120,0.0
Est-448120,0.0
Pay-448120,0.0
Emp-448130,0.0
Est-448130,0.0
Pay-448130,0.0
Emp-448140,0.0
Est-448140,0.0
Pay-448140,0.0
Emp-448150,0.0
Est-448150,0.0
Pay-448150,0.0
Emp-448190,0.0
Est-448190,0.0
Pay-448190,0.0
Emp-448210,0.0
Est-448210,0.0
Pay-448210,0.0
Emp-448310,0.0
Est-448310,0.0
Pay-448310,0.0
Emp-451110,0.0
Est-451110,0.0
Pay-451110,1.0
Emp-451120,0.0
Est-451120,0.0
Pay-451120,0.0
Emp-451130,0.0
Est-451130,0.0
Pay-451130,0.0
Emp-451140,0.0
Est-451140,0.0
Pay-451140,0.0
Emp-451211,0.0
Est-451211,0.0
Pay-451211,0.0
Emp-452210,1.0
Est-452210,0.0
Pay-452210,0.0
Emp-452311,0.0
Est-452311,0.0
Pay-452311,0.0
Emp-452319,0.0
Est-452319,0.0
Pay-452319,0.0
Emp-453110,0.0
Est-453110,0.0
Pay-453110,0.0
Emp-453210,0.0
Est-453210,0.0
Pay-453210,0.0
Emp-453220,0.0
Est-453220,0.0
Pay-453220,0.0
Emp-453310,1.0
Est-453310,0.0
Pay-453310,0.0
Emp-453910,0.0
Est-453910,0.0
Pay-453910,0.0
Emp-453920,0.0
Est-453920,0.0
Pay-453920,0.0
Emp-453930,0.0
Est-453930,0.0
Pay-453930,0.0
Emp-453991,0.0
Est-453991,0.0
Pay-453991,0.0
Emp-453998,0.0
Est-453998,0.0
Pay-453998,0.0
Emp-454110,0.0
Est-454110,0.0
Pay-454110,0.0
Emp-454210,0.0
Est-454210,0.0
Pay-454210,0.0
Emp-454310,1.0
Est-454310,1.0
Pay-454310,8.0
Emp-454390,1.0
Est-454390,0.0
Pay-454390,0.0
Emp-481111,0.0
Est-481111,0.0
Pay-481111,0.0
Emp-481211,0.0
Est-481211,0.0
Pay-481211,0.0
Emp-483113,0.0
Est-483113,0.0
Pay-483113,0.0
Emp-483114,0.0
Est-483114,0.0
Pay-483114,0.0
Emp-484110,0.0
Est-484110,0.0
Pay-484110,0.0
Emp-484121,0.0
Est-484121,3.0
Pay-484121,0.0
Emp-484122,0.0
Est-484122,0.0
Pay-484122,0.0
Emp-484210,0.0
Est-484210,0.0
Pay-484210,0.0
Emp-484220,0.0
Est-484220,0.0
Pay-484220,0.0
Emp-484230,0.0
Est-484230,0.0
Pay-484230,1.0
Emp-485310,0.0
Est-485310,0.0
Pay-485310,0.0
Emp-485320,0.0
Est-485320,0.0
Pay-485320,0.0
Emp-485410,0.0
Est-485410,0.0
Pay-485410,0.0
Emp-485991,0.0
Est-485991,0.0
Pay-485991,0.0
Emp-487110,0.0
Est-487110,0.0
Pay-487110,0.0
Emp-487210,0.0
Est-487210,0.0
Pay-487210,0.0
Emp-488119,0.0
Est-488119,0.0
Pay-488119,0.0
Emp-488190,0.0
Est-488190,0.0
Pay-488190,0.0
Emp-488310,0.0
Est-488310,0.0
Pay-488310,0.0
Emp-488330,0.0
Est-488330,0.0
Pay-488330,0.0
Emp-488390,0.0
Est-488390,0.0
Pay-488390,0.0
Emp-488410,0.0
Est-488410,0.0
Pay-488410,0.0
Emp-488490,0.0
Est-488490,0.0
Pay-488490,0.0
Emp-488510,0.0
Est-488510,0.0
Pay-488510,0.0
Emp-492110,0.0
Est-492110,0.0
Pay-492110,0.0
Emp-492210,0.0
Est-492210,0.0
Pay-492210,0.0
Emp-493110,0.0
Est-493110,0.0
Pay-493110,0.0
Emp-511110,0.0
Est-511110,0.0
Pay-511110,0.0
Emp-511120,0.0
Est-511120,0.0
Pay-511120,0.0
Emp-511130,0.0
Est-511130,0.0
Pay-511130,0.0
Emp-511199,0.0
Est-511199,0.0
Pay-511199,0.0
Emp-511210,0.0
Est-511210,0.0
Pay-511210,0.0
Emp-512110,0.0
Est-512110,0.0
Pay-512110,0.0
Emp-512131,0.0
Est-512131,0.0
Pay-512131,0.0
Emp-512191,0.0
Est-512191,0.0
Pay-512191,0.0
Emp-512240,0.0
Est-512240,0.0
Pay-512240,0.0
Emp-515112,0.0
Est-515112,0.0
Pay-515112,0.0
Emp-515120,0.0
Est-515120,0.0
Pay-515120,0.0
Emp-515210,0.0
Est-515210,0.0
Pay-515210,0.0
Emp-517311,1.0
Est-517311,0.0
Pay-517311,0.0
Emp-517312,0.0
Est-517312,0.0
Pay-517312,0.0
Emp-517911,0.0
Est-517911,0.0
Pay-517911,0.0
Emp-517919,0.0
Est-517919,0.0
Pay-517919,0.0
Emp-518210,0.0
Est-518210,0.0
Pay-518210,0.0
Emp-519120,1.0
Est-519120,0.0
Pay-519120,9.0
Emp-519130,0.0
Est-519130,0.0
Pay-519130,0.0
Emp-522110,0.0
Est-522110,0.0
Pay-522110,0.0
Emp-522120,0.0
Est-522120,0.0
Pay-522120,0.0
Emp-522130,0.0
Est-522130,0.0
Pay-522130,0.0
Emp-522210,0.0
Est-522210,0.0
Pay-522210,0.0
Emp-522220,0.0
Est-522220,0.0
Pay-522220,0.0
Emp-522292,0.0
Est-522292,0.0
Pay-522292,0.0
Emp-522298,0.0
Est-522298,0.0
Pay-522298,0.0
Emp-522310,0.0
Est-522310,0.0
Pay-522310,0.0
Emp-522320,0.0
Est-522320,0.0
Pay-522320,0.0
Emp-522390,0.0
Est-522390,0.0
Pay-522390,0.0
Emp-523120,0.0
Est-523120,0.0
Pay-523120,0.0
Emp-523910,0.0
Est-523910,0.0
Pay-523910,0.0
Emp-523920,0.0
Est-523920,0.0
Pay-523920,0.0
Emp-523930,0.0
Est-523930,0.0
Pay-523930,0.0
Emp-523991,0.0
Est-523991,0.0
Pay-523991,0.0
Emp-524113,0.0
Est-524113,0.0
Pay-524113,0.0
Emp-524114,0.0
Est-524114,0.0
Pay-524114,0.0
Emp-524126,0.0
Est-524126,0.0
Pay-524126,0.0
Emp-524127,0.0
Est-524127,0.0
Pay-524127,0.0
Emp-524210,0.0
Est-524210,0.0
Pay-524210,0.0
Emp-524291,0.0
Est-524291,0.0
Pay-524291,0.0
Emp-524292,0.0
Est-524292,0.0
Pay-524292,0.0
Emp-524298,0.0
Est-524298,0.0
Pay-524298,0.0
Emp-531110,0.0
Est-531110,0.0
Pay-531110,0.0
Emp-531120,0.0
Est-531120,0.0
Pay-531120,0.0
Emp-531130,0.0
Est-531130,0.0
Pay-531130,0.0
Emp-531190,0.0
Est-531190,0.0
Pay-531190,0.0
Emp-531210,0.0
Est-531210,0.0
Pay-531210,0.0
Emp-531311,1.0
Est-531311,0.0
Pay-531311,0.0
Emp-531312,0.0
Est-531312,0.0
Pay-531312,0.0
Emp-531320,0.0
Est-531320,0.0
Pay-531320,0.0
Emp-531390,0.0
Est-531390,0.0
Pay-531390,0.0
Emp-532111,0.0
Est-532111,0.0
Pay-532111,0.0
Emp-532120,0.0
Est-532120,0.0
Pay-532120,0.0
Emp-532210,0.0
Est-532210,0.0
Pay-532210,0.0
Emp-532283,0.0
Est-532283,0.0
Pay-532283,0.0
Emp-532284,0.0
Est-532284,1.0
Pay-532284,0.0
Emp-532289,0.0
Est-532289,0.0
Pay-532289,0.0
Emp-532310,0.0
Est-532310,0.0
Pay-532310,0.0
Emp-532412,0.0
Est-532412,0.0
Pay-532412,0.0
Emp-532490,0.0
Est-532490,0.0
Pay-532490,0.0
Emp-541110,1.0
Est-541110,0.0
Pay-541110,0.0
Emp-541191,0.0
Est-541191,0.0
Pay-541191,0.0
Emp-541211,0.0
Est-541211,0.0
Pay-541211,1.0
Emp-541213,0.0
Est-541213,0.0
Pay-541213,0.0
Emp-541214,0.0
Est-541214,0.0
Pay-541214,0.0
Emp-541219,0.0
Est-541219,0.0
Pay-541219,0.0
Emp-541310,0.0
Est-541310,0.0
Pay-541310,0.0
Emp-541320,0.0
Est-541320,0.0
Pay-541320,0.0
Emp-541330,0.0
Est-541330,0.0
Pay-541330,0.0
Emp-541340,0.0
Est-541340,0.0
Pay-541340,0.0
Emp-541350,0.0
Est-541350,0.0
Pay-541350,0.0
Emp-541370,1.0
Est-541370,0.0
Pay-541370,1.0
Emp-541380,0.0
Est-541380,0.0
Pay-541380,0.0
Emp-541410,0.0
Est-541410,0.0
Pay-541410,0.0
Emp-541430,0.0
Est-541430,0.0
Pay-541430,0.0
Emp-541490,0.0
Est-541490,0.0
Pay-541490,0.0
Emp-541511,0.0
Est-541511,0.0
Pay-541511,0.0
Emp-541512,0.0
Est-541512,0.0
Pay-541512,0.0
Emp-541513,0.0
Est-541513,0.0
Pay-541513,0.0
Emp-541519,0.0
Est-541519,0.0
Pay-541519,0.0
Emp-541611,0.0
Est-541611,0.0
Pay-541611,0.0
Emp-541612,0.0
Est-541612,0.0
Pay-541612,0.0
Emp-541613,0.0
Est-541613,1.0
Pay-541613,0.0
Emp-541614,0.0
Est-541614,0.0
Pay-541614,0.0
Emp-541618,0.0
Est-541618,0.0
Pay-541618,0.0
Emp-541620,0.0
Est-541620,0.0
Pay-541620,0.0
Emp-541690,0.0
Est-541690,0.0
Pay-541690,0.0
Emp-541713,0.0
Est-541713,0.0
Pay-541713,0.0
Emp-541714,0.0
Est-541714,0.0
Pay-541714,0.0
Emp-541715,0.0
Est-541715,0.0
Pay-541715,0.0
Emp-541720,1.0
Est-541720,0.0
Pay-541720,0.0
Emp-541810,0.0
Est-541810,0.0
Pay-541810,0.0
Emp-541820,0.0
Est-541820,0.0
Pay-541820,0.0
Emp-541860,0.0
Est-541860,0.0
Pay-541860,0.0
Emp-541890,0.0
Est-541890,0.0
Pay-541890,0.0
Emp-541910,0.0
Est-541910,1.0
Pay-541910,0.0
Emp-541921,0.0
Est-541921,0.0
Pay-541921,0.0
Emp-541922,0.0
Est-541922,0.0
Pay-541922,1.0
Emp-541930,0.0
Est-541930,0.0
Pay-541930,0.0
Emp-541940,2.0
Est-541940,0.0
Pay-541940,0.0
Emp-541990,0.0
Est-541990,0.0
Pay-541990,0.0
Emp-551112,0.0
Est-551112,0.0
Pay-551112,0.0
Emp-551114,0.0
Est-551114,0.0
Pay-551114,0.0
Emp-561110,0.0
Est-561110,1.0
Pay-561110,0.0
Emp-561210,0.0
Est-561210,0.0
Pay-561210,0.0
Emp-561311,0.0
Est-561311,0.0
Pay-561311,0.0
Emp-561312,0.0
Est-561312,0.0
Pay-561312,0.0
Emp-561320,0.0
Est-561320,0.0
Pay-561320,0.0
Emp-561330,0.0
Est-561330,0.0
Pay-561330,0.0
Emp-561410,0.0
Est-561410,0.0
Pay-561410,0.0
Emp-561421,0.0
Est-561421,0.0
Pay-561421,0.0
Emp-561422,0.0
Est-561422,0.0
Pay-561422,0.0
Emp-561431,0.0
Est-561431,0.0
Pay-561431,0.0
Emp-561439,0.0
Est-561439,0.0
Pay-561439,0.0
Emp-561440,0.0
Est-561440,1.0
Pay-561440,0.0
Emp-561492,0.0
Est-561492,0.0
Pay-561492,0.0
Emp-561499,0.0
Est-561499,0.0
Pay-561499,0.0
Emp-561510,0.0
Est-561510,0.0
Pay-561510,0.0
Emp-561520,0.0
Est-561520,0.0
Pay-561520,0.0
Emp-561591,0.0
Est-561591,0.0
Pay-561591,0.0
Emp-561599,0.0
Est-561599,0.0
Pay-561599,0.0
Emp-561611,0.0
Est-561611,0.0
Pay-561611,0.0
Emp-561612,0.0
Est-561612,0.0
Pay-561612,0.0
Emp-561621,0.0
Est-561621,0.0
Pay-561621,0.0
Emp-561622,0.0
Est-561622,0.0
Pay-561622,0.0
Emp-561710,0.0
Est-561710,0.0
Pay-561710,0.0
Emp-561720,0.0
Est-561720,0.0
Pay-561720,0.0
Emp-561730,0.0
Est-561730,0.0
Pay-561730,0.0
Emp-561740,0.0
Est-561740,0.0
Pay-561740,0.0
Emp-561790,0.0
Est-561790,0.0
Pay-561790,0.0
Emp-561920,0.0
Est-561920,0.0
Pay-561920,0.0
Emp-561990,0.0
Est-561990,0.0
Pay-561990,0.0
Emp-562111,0.0
Est-562111,0.0
Pay-562111,0.0
Emp-562211,0.0
Est-562211,0.0
Pay-562211,0.0
Emp-562910,0.0
Est-562910,0.0
Pay-562910,0.0
Emp-562920,0.0
Est-562920,0.0
Pay-562920,0.0
Emp-562991,0.0
Est-562991,0.0
Pay-562991,0.0
Emp-562998,0.0
Est-562998,0.0
Pay-562998,0.0
Emp-611110,0.0
Est-611110,0.0
Pay-611110,0.0
Emp-611310,0.0
Est-611310,0.0
Pay-611310,0.0
Emp-611420,0.0
Est-611420,0.0
Pay-611420,0.0
Emp-611430,0.0
Est-611430,0.0
Pay-611430,0.0
Emp-611519,0.0
Est-611519,0.0
Pay-611519,0.0
Emp-611610,0.0
Est-611610,0.0
Pay-611610,2.0
Emp-611620,0.0
Est-611620,0.0
Pay-611620,0.0
Emp-611691,0.0
Est-611691,0.0
Pay-611691,0.0
Emp-611692,0.0
Est-611692,0.0
Pay-611692,0.0
Emp-611699,0.0
Est-611699,0.0
Pay-611699,0.0
Emp-611710,0.0
Est-611710,0.0
Pay-611710,0.0
Emp-621111,0.0
Est-621111,0.0
Pay-621111,0.0
Emp-621112,0.0
Est-621112,0.0
Pay-621112,0.0
Emp-621210,0.0
Est-621210,0.0
Pay-621210,0.0
Emp-621310,0.0
Est-621310,0.0
Pay-621310,6.0
Emp-621320,0.0
Est-621320,0.0
Pay-621320,0.0
Emp-621330,0.0
Est-621330,0.0
Pay-621330,0.0
Emp-621340,0.0
Est-621340,1.0
Pay-621340,0.0
Emp-621391,0.0
Est-621391,0.0
Pay-621391,0.0
Emp-621399,0.0
Est-621399,0.0
Pay-621399,0.0
Emp-621410,0.0
Est-621410,0.0
Pay-621410,0.0
Emp-621420,0.0
Est-621420,0.0
Pay-621420,0.0
Emp-621491,0.0
Est-621491,0.0
Pay-621491,0.0
Emp-621492,0.0
Est-621492,0.0
Pay-621492,0.0
Emp-621493,0.0
Est-621493,0.0
Pay-621493,0.0
Emp-621498,0.0
Est-621498,0.0
Pay-621498,0.0
Emp-621511,0.0
Est-621511,0.0
Pay-621511,0.0
Emp-621512,0.0
Est-621512,0.0
Pay-621512,0.0
Emp-621610,0.0
Est-621610,0.0
Pay-621610,0.0
Emp-621910,0.0
Est-621910,1.0
Pay-621910,0.0
Emp-621999,0.0
Est-621999,0.0
Pay-621999,0.0
Emp-622110,0.0
Est-622110,0.0
Pay-622110,0.0
Emp-623110,0.0
Est-623110,0.0
Pay-623110,0.0
Emp-623210,0.0
Est-623210,0.0
Pay-623210,0.0
Emp-623220,0.0
Est-623220,0.0
Pay-623220,0.0
Emp-623311,1.0
Est-623311,2.0
Pay-623311,1.0
Emp-623312,0.0
Est-623312,1.0
Pay-623312,0.0
Emp-623990,0.0
Est-623990,0.0
Pay-623990,0.0
Emp-624110,0.0
Est-624110,0.0
Pay-624110,0.0
Emp-624120,0.0
Est-624120,0.0
Pay-624120,0.0
Emp-624190,0.0
Est-624190,0.0
Pay-624190,0.0
Emp-624210,0.0
Est-624210,0.0
Pay-624210,0.0
Emp-624221,0.0
Est-624221,0.0
Pay-624221,0.0
Emp-624229,0.0
Est-624229,0.0
Pay-624229,0.0
Emp-624230,0.0
Est-624230,0.0
Pay-624230,0.0
Emp-624310,0.0
Est-624310,2.0
Pay-624310,0.0
Emp-624410,0.0
Est-624410,0.0
Pay-624410,1.0
Emp-711110,0.0
Est-711110,0.0
Pay-711110,0.0
Emp-711130,0.0
Est-711130,0.0
Pay-711130,0.0
Emp-711219,0.0
Est-711219,0.0
Pay-711219,0.0
Emp-711310,0.0
Est-711310,0.0
Pay-711310,0.0
Emp-711320,0.0
Est-711320,0.0
Pay-711320,0.0
Emp-711510,0.0
Est-711510,0.0
Pay-711510,0.0
Emp-712110,0.0
Est-712110,0.0
Pay-712110,0.0
Emp-712120,0.0
Est-712120,0.0
Pay-712120,0.0
Emp-712130,0.0
Est-712130,0.0
Pay-712130,0.0
Emp-712190,0.0
Est-712190,0.0
Pay-712190,0.0
Emp-713110,0.0
Est-713110,0.0
Pay-713110,0.0
Emp-713120,0.0
Est-713120,0.0
Pay-713120,0.0
Emp-713290,0.0
Est-713290,0.0
Pay-713290,0.0
Emp-713910,1.0
Est-713910,1.0
Pay-713910,0.0
Emp-713920,0.0
Est-713920,0.0
Pay-713920,0.0
Emp-713930,4.0
Est-713930,3.0
Pay-713930,2.0
Emp-713940,0.0
Est-713940,0.0
Pay-713940,0.0
Emp-713950,0.0
Est-713950,2.0
Pay-713950,0.0
Emp-713990,0.0
Est-713990,0.0
Pay-713990,0.0
Emp-721110,3.0
Est-721110,0.0
Pay-721110,0.0
Emp-721191,0.0
Est-721191,0.0
Pay-721191,0.0
Emp-721199,0.0
Est-721199,0.0
Pay-721199,0.0
Emp-721211,0.0
Est-721211,0.0
Pay-721211,1.0
Emp-721214,0.0
Est-721214,0.0
Pay-721214,0.0
Emp-721310,0.0
Est-721310,0.0
Pay-721310,0.0
Emp-722310,0.0
Est-722310,0.0
Pay-722310,0.0
Emp-722320,0.0
Est-722320,0.0
Pay-722320,0.0
Emp-722330,0.0
Est-722330,0.0
Pay-722330,0.0
Emp-722410,0.0
Est-722410,2.0
Pay-722410,1.0
Emp-722511,0.0
Est-722511,0.0
Pay-722511,0.0
Emp-722513,0.0
Est-722513,0.0
Pay-722513,0.0
Emp-722514,0.0
Est-722514,0.0
Pay-722514,0.0
Emp-722515,0.0
Est-722515,0.0
Pay-722515,0.0
Emp-811111,0.0
Est-811111,1.0
Pay-811111,0.0
Emp-811113,0.0
Est-811113,0.0
Pay-811113,0.0
Emp-811118,0.0
Est-811118,0.0
Pay-811118,0.0
Emp-811121,0.0
Est-811121,1.0
Pay-811121,0.0
Emp-811122,0.0
Est-811122,0.0
Pay-811122,0.0
Emp-811191,0.0
Est-811191,0.0
Pay-811191,0.0
Emp-811192,0.0
Est-811192,0.0
Pay-811192,0.0
Emp-811198,0.0
Est-811198,0.0
Pay-811198,0.0
Emp-811212,0.0
Est-811212,0.0
Pay-811212,0.0
Emp-811219,0.0
Est-811219,0.0
Pay-811219,0.0
Emp-811310,0.0
Est-811310,0.0
Pay-811310,0.0
Emp-811411,0.0
Est-811411,0.0
Pay-811411,0.0
Emp-811412,0.0
Est-811412,0.0
Pay-811412,0.0
Emp-811420,0.0
Est-811420,0.0
Pay-811420,0.0
Emp-811430,0.0
Est-811430,0.0
Pay-811430,0.0
Emp-811490,0.0
Est-811490,0.0
Pay-811490,0.0
Emp-812111,0.0
Est-812111,0.0
Pay-812111,0.0
Emp-812112,0.0
Est-812112,0.0
Pay-812112,0.0
Emp-812113,0.0
Est-812113,0.0
Pay-812113,0.0
Emp-812199,0.0
Est-812199,0.0
Pay-812199,0.0
Emp-812210,0.0
Est-812210,0.0
Pay-812210,0.0
Emp-812220,0.0
Est-812220,0.0
Pay-812220,0.0
Emp-812310,0.0
Est-812310,0.0
Pay-812310,0.0
Emp-812320,0.0
Est-812320,0.0
Pay-812320,0.0
Emp-812332,0.0
Est-812332,0.0
Pay-812332,0.0
Emp-812910,0.0
Est-812910,0.0
Pay-812910,0.0
Emp-812930,0.0
Est-812930,0.0
Pay-812930,0.0
Emp-812990,0.0
Est-812990,0.0
Pay-812990,0.0
Emp-813110,0.0
Est-813110,0.0
Pay-813110,0.0
Emp-813211,0.0
Est-813211,0.0
Pay-813211,0.0
Emp-813212,0.0
Est-813212,0.0
Pay-813212,0.0
Emp-813219,0.0
Est-813219,0.0
Pay-813219,0.0
Emp-813311,0.0
Est-813311,0.0
Pay-813311,0.0
Emp-813312,1.0
Est-813312,0.0
Pay-813312,0.0
Emp-813319,0.0
Est-813319,0.0
Pay-813319,0.0
Emp-813410,2.0
Est-813410,3.0
Pay-813410,2.0
Emp-813910,0.0
Est-813910,0.0
Pay-813910,0.0
Emp-813920,0.0
Est-813920,0.0
Pay-813920,0.0
Emp-813930,0.0
Est-813930,0.0
Pay-813930,0.0
Emp-813940,0.0
Est-813940,0.0
Pay-813940,0.0
Emp-813990,0.0
Est-813990,0.0
Pay-813990,0.0
Emp-311421,0.0
Est-311421,0.0
Pay-311421,0.0
Emp-314120,0.0
Est-314120,0.0
Pay-314120,0.0
Emp-316992,0.0
Est-316992,0.0
Pay-316992,0.0
Emp-316998,0.0
Est-316998,0.0
Pay-316998,0.0
Emp-325413,0.0
Est-325413,0.0
Pay-325413,0.0
Emp-332216,0.0
Est-332216,0.0
Pay-332216,0.0
Emp-334413,0.0
Est-334413,0.0
Pay-334413,0.0
Emp-339920,0.0
Est-339920,0.0
Pay-339920,0.0
Emp-424470,0.0
Est-424470,0.0
Pay-424470,0.0
Emp-493190,0.0
Est-493190,0.0
Pay-493190,0.0
Emp-522291,0.0
Est-522291,0.0
Pay-522291,0.0
Emp-114119,0.0
Est-114119,0.0
Pay-114119,0.0
Emp-212321,0.0
Est-212321,3.0
Pay-212321,0.0
Emp-236116,0.0
Est-236116,0.0
Pay-236116,0.0
Emp-327215,0.0
Est-327215,0.0
Pay-327215,0.0
Emp-333415,0.0
Est-333415,0.0
Pay-333415,0.0
Emp-333515,0.0
Est-333515,0.0
Pay-333515,0.0
Emp-711410,0.0
Est-711410,0.0
Pay-711410,0.0
Emp-311991,0.0
Est-311991,0.0
Pay-311991,0.0
Emp-312111,0.0
Est-312111,0.0
Pay-312111,0.0
Emp-324121,0.0
Est-324121,0.0
Pay-324121,0.0
Emp-325411,0.0
Est-325411,0.0
Pay-325411,0.0
Emp-325412,0.0
Est-325412,0.0
Pay-325412,0.0
Emp-325620,0.0
Est-325620,0.0
Pay-325620,0.0
Emp-483212,0.0
Est-483212,0.0
Pay-483212,0.0
Emp-488210,0.0
Est-488210,0.0
Pay-488210,0.0
Emp-525990,0.0
Est-525990,0.0
Pay-525990,0.0
Emp-236210,0.0
Est-236210,0.0
Pay-236210,0.0
Emp-339113,0.0
Est-339113,0.0
Pay-339113,0.0
Emp-485999,0.0
Est-485999,0.0
Pay-485999,0.0
Emp-541199,0.0
Est-541199,0.0
Pay-541199,0.0
Emp-541850,0.0
Est-541850,0.0
Pay-541850,0.0
Emp-562212,0.0
Est-562212,0.0
Pay-562212,0.0
Emp-115114,0.0
Est-115114,0.0
Pay-115114,0.0
Emp-211120,0.0
Est-211120,0.0
Pay-211120,0.0
Emp-212311,0.0
Est-212311,0.0
Pay-212311,0.0
Emp-212312,0.0
Est-212312,0.0
Pay-212312,0.0
Emp-213112,0.0
Est-213112,0.0
Pay-213112,0.0
Emp-221112,0.0
Est-221112,0.0
Pay-221112,0.0
Emp-221113,0.0
Est-221113,0.0
Pay-221113,0.0
Emp-221114,0.0
Est-221114,0.0
Pay-221114,0.0
Emp-221115,0.0
Est-221115,0.0
Pay-221115,0.0
Emp-221320,0.0
Est-221320,0.0
Pay-221320,0.0
Emp-221330,0.0
Est-221330,0.0
Pay-221330,0.0
Emp-311119,0.0
Est-311119,0.0
Pay-311119,0.0
Emp-311340,0.0
Est-311340,0.0
Pay-311340,0.0
Emp-311351,0.0
Est-311351,0.0
Pay-311351,0.0
Emp-311412,0.0
Est-311412,0.0
Pay-311412,0.0
Emp-311422,0.0
Est-311422,0.0
Pay-311422,0.0
Emp-311511,0.0
Est-311511,0.0
Pay-311511,0.0
Emp-311513,0.0
Est-311513,0.0
Pay-311513,0.0
Emp-311520,0.0
Est-311520,0.0
Pay-311520,0.0
Emp-311615,0.0
Est-311615,0.0
Pay-311615,0.0
Emp-311813,0.0
Est-311813,0.0
Pay-311813,0.0
Emp-311821,0.0
Est-311821,0.0
Pay-311821,0.0
Emp-311824,0.0
Est-311824,0.0
Pay-311824,0.0
Emp-311919,0.0
Est-311919,0.0
Pay-311919,0.0
Emp-311942,0.0
Est-311942,0.0
Pay-311942,0.0
Emp-311999,0.0
Est-311999,0.0
Pay-311999,0.0
Emp-312230,0.0
Est-312230,0.0
Pay-312230,0.0
Emp-313220,0.0
Est-313220,0.0
Pay-313220,0.0
Emp-313240,0.0
Est-313240,0.0
Pay-313240,0.0
Emp-313310,0.0
Est-313310,0.0
Pay-313310,0.0
Emp-315190,0.0
Est-315190,0.0
Pay-315190,0.0
Emp-315210,0.0
Est-315210,0.0
Pay-315210,0.0
Emp-315220,0.0
Est-315220,0.0
Pay-315220,0.0
Emp-315240,0.0
Est-315240,0.0
Pay-315240,0.0
Emp-315280,0.0
Est-315280,0.0
Pay-315280,0.0
Emp-316110,0.0
Est-316110,0.0
Pay-316110,0.0
Emp-321911,0.0
Est-321911,0.0
Pay-321911,0.0
Emp-322121,0.0
Est-322121,0.0
Pay-322121,0.0
Emp-322211,0.0
Est-322211,0.0
Pay-322211,0.0
Emp-322212,0.0
Est-322212,0.0
Pay-322212,0.0
Emp-322219,0.0
Est-322219,0.0
Pay-322219,0.0
Emp-322220,0.0
Est-322220,0.0
Pay-322220,0.0
Emp-322230,0.0
Est-322230,0.0
Pay-322230,0.0
Emp-322291,0.0
Est-322291,0.0
Pay-322291,0.0
Emp-322299,0.0
Est-322299,0.0
Pay-322299,0.0
Emp-323117,0.0
Est-323117,0.0
Pay-323117,0.0
Emp-323120,0.0
Est-323120,0.0
Pay-323120,0.0
Emp-325120,0.0
Est-325120,0.0
Pay-325120,0.0
Emp-325180,0.0
Est-325180,0.0
Pay-325180,0.0
Emp-325199,0.0
Est-325199,0.0
Pay-325199,0.0
Emp-325211,0.0
Est-325211,0.0
Pay-325211,0.0
Emp-325314,0.0
Est-325314,0.0
Pay-325314,0.0
Emp-325510,0.0
Est-325510,0.0
Pay-325510,0.0
Emp-325520,0.0
Est-325520,0.0
Pay-325520,0.0
Emp-325611,0.0
Est-325611,0.0
Pay-325611,0.0
Emp-325612,0.0
Est-325612,0.0
Pay-325612,0.0
Emp-325910,0.0
Est-325910,0.0
Pay-325910,0.0
Emp-325991,0.0
Est-325991,0.0
Pay-325991,0.0
Emp-325992,0.0
Est-325992,0.0
Pay-325992,0.0
Emp-325998,0.0
Est-325998,0.0
Pay-325998,0.0
Emp-326111,0.0
Est-326111,0.0
Pay-326111,0.0
Emp-326112,0.0
Est-326112,0.0
Pay-326112,0.0
Emp-326113,0.0
Est-326113,0.0
Pay-326113,0.0
Emp-326121,0.0
Est-326121,0.0
Pay-326121,0.0
Emp-326140,0.0
Est-326140,0.0
Pay-326140,0.0
Emp-326191,0.0
Est-326191,0.0
Pay-326191,0.0
Emp-326291,0.0
Est-326291,0.0
Pay-326291,0.0
Emp-326299,0.0
Est-326299,0.0
Pay-326299,0.0
Emp-327120,0.0
Est-327120,0.0
Pay-327120,0.0
Emp-327212,0.0
Est-327212,0.0
Pay-327212,0.0
Emp-327331,0.0
Est-327331,0.0
Pay-327331,0.0
Emp-327420,0.0
Est-327420,0.0
Pay-327420,0.0
Emp-327910,0.0
Est-327910,0.0
Pay-327910,0.0
Emp-327999,0.0
Est-327999,0.0
Pay-327999,0.0
Emp-331110,0.0
Est-331110,0.0
Pay-331110,0.0
Emp-331221,0.0
Est-331221,0.0
Pay-331221,0.0
Emp-331410,0.0
Est-331410,0.0
Pay-331410,0.0
Emp-331420,0.0
Est-331420,0.0
Pay-331420,0.0
Emp-331491,0.0
Est-331491,0.0
Pay-331491,0.0
Emp-331492,0.0
Est-331492,0.0
Pay-331492,0.0
Emp-331523,0.0
Est-331523,0.0
Pay-331523,0.0
Emp-331524,0.0
Est-331524,0.0
Pay-331524,0.0
Emp-331529,0.0
Est-331529,0.0
Pay-331529,0.0
Emp-332114,0.0
Est-332114,0.0
Pay-332114,0.0
Emp-332119,0.0
Est-332119,0.0
Pay-332119,0.0
Emp-332313,0.0
Est-332313,0.0
Pay-332313,0.0
Emp-332321,0.0
Est-332321,0.0
Pay-332321,0.0
Emp-332410,0.0
Est-332410,0.0
Pay-332410,0.0
Emp-332420,0.0
Est-332420,0.0
Pay-332420,0.0
Emp-332510,0.0
Est-332510,0.0
Pay-332510,0.0
Emp-332618,0.0
Est-332618,0.0
Pay-332618,0.0
Emp-332722,0.0
Est-332722,0.0
Pay-332722,0.0
Emp-332811,0.0
Est-332811,0.0
Pay-332811,0.0
Emp-332912,0.0
Est-332912,0.0
Pay-332912,0.0
Emp-332913,0.0
Est-332913,0.0
Pay-332913,0.0
Emp-332996,0.0
Est-332996,0.0
Pay-332996,0.0
Emp-333111,0.0
Est-333111,0.0
Pay-333111,0.0
Emp-333241,0.0
Est-333241,0.0
Pay-333241,0.0
Emp-333242,0.0
Est-333242,0.0
Pay-333242,0.0
Emp-333243,0.0
Est-333243,0.0
Pay-333243,0.0
Emp-333249,0.0
Est-333249,0.0
Pay-333249,0.0
Emp-333314,0.0
Est-333314,0.0
Pay-333314,0.0
Emp-333316,0.0
Est-333316,0.0
Pay-333316,0.0
Emp-333414,0.0
Est-333414,0.0
Pay-333414,0.0
Emp-333511,0.0
Est-333511,0.0
Pay-333511,0.0
Emp-333514,0.0
Est-333514,0.0
Pay-333514,0.0
Emp-333517,0.0
Est-333517,0.0
Pay-333517,0.0
Emp-333519,0.0
Est-333519,0.0
Pay-333519,0.0
Emp-333612,0.0
Est-333612,0.0
Pay-333612,0.0
Emp-333618,0.0
Est-333618,0.0
Pay-333618,0.0
Emp-333914,0.0
Est-333914,0.0
Pay-333914,0.0
Emp-333921,0.0
Est-333921,0.0
Pay-333921,0.0
Emp-333922,0.0
Est-333922,0.0
Pay-333922,0.0
Emp-333923,0.0
Est-333923,0.0
Pay-333923,0.0
Emp-333993,0.0
Est-333993,0.0
Pay-333993,0.0
Emp-333994,0.0
Est-333994,0.0
Pay-333994,0.0
Emp-333995,0.0
Est-333995,0.0
Pay-333995,0.0
Emp-334111,0.0
Est-334111,0.0
Pay-334111,0.0
Emp-334118,0.0
Est-334118,0.0
Pay-334118,0.0
Emp-334220,0.0
Est-334220,0.0
Pay-334220,0.0
Emp-334290,0.0
Est-334290,0.0
Pay-334290,0.0
Emp-334310,0.0
Est-334310,0.0
Pay-334310,0.0
Emp-334412,0.0
Est-334412,0.0
Pay-334412,0.0
Emp-334416,0.0
Est-334416,0.0
Pay-334416,0.0
Emp-334417,0.0
Est-334417,0.0
Pay-334417,0.0
Emp-334418,0.0
Est-334418,0.0
Pay-334418,0.0
Emp-334419,0.0
Est-334419,0.0
Pay-334419,0.0
Emp-334510,0.0
Est-334510,0.0
Pay-334510,0.0
Emp-334511,0.0
Est-334511,0.0
Pay-334511,0.0
Emp-334515,0.0
Est-334515,0.0
Pay-334515,0.0
Emp-334517,0.0
Est-334517,0.0
Pay-334517,0.0
Emp-334519,0.0
Est-334519,0.0
Pay-334519,0.0
Emp-334614,0.0
Est-334614,0.0
Pay-334614,0.0
Emp-335121,0.0
Est-335121,0.0
Pay-335121,0.0
Emp-335122,0.0
Est-335122,0.0
Pay-335122,0.0
Emp-335129,0.0
Est-335129,0.0
Pay-335129,0.0
Emp-335312,0.0
Est-335312,0.0
Pay-335312,0.0
Emp-335313,0.0
Est-335313,0.0
Pay-335313,0.0
Emp-335314,0.0
Est-335314,0.0
Pay-335314,0.0
Emp-335929,0.0
Est-335929,0.0
Pay-335929,0.0
Emp-335931,0.0
Est-335931,0.0
Pay-335931,0.0
Emp-335999,0.0
Est-335999,0.0
Pay-335999,0.0
Emp-336211,0.0
Est-336211,0.0
Pay-336211,0.0
Emp-336310,0.0
Est-336310,0.0
Pay-336310,0.0
Emp-336320,0.0
Est-336320,0.0
Pay-336320,0.0
Emp-336340,0.0
Est-336340,0.0
Pay-336340,0.0
Emp-336350,0.0
Est-336350,0.0
Pay-336350,0.0
Emp-336370,0.0
Est-336370,0.0
Pay-336370,0.0
Emp-336390,0.0
Est-336390,0.0
Pay-336390,0.0
Emp-336412,0.0
Est-336412,0.0
Pay-336412,0.0
Emp-336413,0.0
Est-336413,0.0
Pay-336413,0.0
Emp-336510,0.0
Est-336510,0.0
Pay-336510,0.0
Emp-337124,0.0
Est-337124,0.0
Pay-337124,0.0
Emp-337125,0.0
Est-337125,0.0
Pay-337125,0.0
Emp-337127,0.0
Est-337127,0.0
Pay-337127,0.0
Emp-337211,0.0
Est-337211,0.0
Pay-337211,0.0
Emp-337214,0.0
Est-337214,0.0
Pay-337214,0.0
Emp-337215,0.0
Est-337215,0.0
Pay-337215,0.0
Emp-337910,0.0
Est-337910,0.0
Pay-337910,0.0
Emp-337920,0.0
Est-337920,0.0
Pay-337920,0.0
Emp-339112,0.0
Est-339112,0.0
Pay-339112,0.0
Emp-339114,0.0
Est-339114,0.0
Pay-339114,0.0
Emp-339115,0.0
Est-339115,0.0
Pay-339115,0.0
Emp-339930,0.0
Est-339930,0.0
Pay-339930,0.0
Emp-339940,0.0
Est-339940,0.0
Pay-339940,0.0
Emp-339991,0.0
Est-339991,0.0
Pay-339991,0.0
Emp-339993,0.0
Est-339993,0.0
Pay-339993,0.0
Emp-339994,0.0
Est-339994,0.0
Pay-339994,0.0
Emp-423410,0.0
Est-423410,0.0
Pay-423410,0.0
Emp-423460,0.0
Est-423460,0.0
Pay-423460,0.0
Emp-423520,0.0
Est-423520,0.0
Pay-423520,0.0
Emp-423620,0.0
Est-423620,0.0
Pay-423620,0.0
Emp-423740,0.0
Est-423740,0.0
Pay-423740,0.0
Emp-423920,0.0
Est-423920,0.0
Pay-423920,0.0
Emp-424110,0.0
Est-424110,0.0
Pay-424110,0.0
Emp-424310,0.0
Est-424310,0.0
Pay-424310,0.0
Emp-424410,0.0
Est-424410,0.0
Pay-424410,0.0
Emp-424440,0.0
Est-424440,0.0
Pay-424440,0.0
Emp-424510,0.0
Est-424510,0.0
Pay-424510,0.0
Emp-424590,0.0
Est-424590,0.0
Pay-424590,0.0
Emp-424940,0.0
Est-424940,0.0
Pay-424940,0.0
Emp-424950,0.0
Est-424950,0.0
Pay-424950,0.0
Emp-425110,0.0
Est-425110,0.0
Pay-425110,0.0
Emp-448320,0.0
Est-448320,0.0
Pay-448320,0.0
Emp-451212,0.0
Est-451212,0.0
Pay-451212,0.0
Emp-481112,0.0
Est-481112,0.0
Pay-481112,0.0
Emp-481212,0.0
Est-481212,0.0
Pay-481212,0.0
Emp-481219,0.0
Est-481219,0.0
Pay-481219,0.0
Emp-483111,0.0
Est-483111,0.0
Pay-483111,0.0
Emp-483211,0.0
Est-483211,0.0
Pay-483211,0.0
Emp-485111,0.0
Est-485111,0.0
Pay-485111,0.0
Emp-485113,0.0
Est-485113,0.0
Pay-485113,0.0
Emp-485119,0.0
Est-485119,0.0
Pay-485119,0.0
Emp-485210,0.0
Est-485210,0.0
Pay-485210,0.0
Emp-485510,0.0
Est-485510,0.0
Pay-485510,0.0
Emp-486210,0.0
Est-486210,0.0
Pay-486210,0.0
Emp-487990,0.0
Est-487990,0.0
Pay-487990,0.0
Emp-488111,0.0
Est-488111,0.0
Pay-488111,0.0
Emp-488991,0.0
Est-488991,0.0
Pay-488991,0.0
Emp-488999,0.0
Est-488999,0.0
Pay-488999,0.0
Emp-493120,0.0
Est-493120,0.0
Pay-493120,0.0
Emp-493130,0.0
Est-493130,0.0
Pay-493130,0.0
Emp-511140,0.0
Est-511140,0.0
Pay-511140,0.0
Emp-511191,0.0
Est-511191,0.0
Pay-511191,0.0
Emp-512120,0.0
Est-512120,0.0
Pay-512120,0.0
Emp-512199,0.0
Est-512199,0.0
Pay-512199,0.0
Emp-512230,0.0
Est-512230,0.0
Pay-512230,0.0
Emp-512250,0.0
Est-512250,0.0
Pay-512250,0.0
Emp-512290,0.0
Est-512290,0.0
Pay-512290,0.0
Emp-515111,0.0
Est-515111,0.0
Pay-515111,0.0
Emp-517410,0.0
Est-517410,0.0
Pay-517410,0.0
Emp-519110,0.0
Est-519110,0.0
Pay-519110,0.0
Emp-519190,0.0
Est-519190,0.0
Pay-519190,0.0
Emp-522293,0.0
Est-522293,0.0
Pay-522293,0.0
Emp-522294,0.0
Est-522294,0.0
Pay-522294,0.0
Emp-523110,0.0
Est-523110,0.0
Pay-523110,0.0
Emp-523130,0.0
Est-523130,0.0
Pay-523130,0.0
Emp-523140,0.0
Est-523140,0.0
Pay-523140,0.0
Emp-523210,0.0
Est-523210,0.0
Pay-523210,0.0
Emp-523999,0.0
Est-523999,0.0
Pay-523999,0.0
Emp-524130,0.0
Est-524130,0.0
Pay-524130,0.0
Emp-525910,0.0
Est-525910,0.0
Pay-525910,0.0
Emp-532112,0.0
Est-532112,0.0
Pay-532112,0.0
Emp-532281,0.0
Est-532281,0.0
Pay-532281,0.0
Emp-532282,0.0
Est-532282,0.0
Pay-532282,0.0
Emp-532411,0.0
Est-532411,0.0
Pay-532411,0.0
Emp-532420,0.0
Est-532420,0.0
Pay-532420,0.0
Emp-533110,0.0
Est-533110,0.0
Pay-533110,0.0
Emp-541360,0.0
Est-541360,0.0
Pay-541360,0.0
Emp-541420,0.0
Est-541420,0.0
Pay-541420,0.0
Emp-541830,0.0
Est-541830,0.0
Pay-541830,0.0
Emp-541840,0.0
Est-541840,0.0
Pay-541840,0.0
Emp-541870,0.0
Est-541870,0.0
Pay-541870,0.0
Emp-551111,0.0
Est-551111,0.0
Pay-551111,0.0
Emp-561450,0.0
Est-561450,0.0
Pay-561450,0.0
Emp-561491,0.0
Est-561491,0.0
Pay-561491,0.0
Emp-561613,0.0
Est-561613,0.0
Pay-561613,0.0
Emp-561910,0.0
Est-561910,0.0
Pay-561910,0.0
Emp-562112,0.0
Est-562112,0.0
Pay-562112,0.0
Emp-562119,0.0
Est-562119,0.0
Pay-562119,0.0
Emp-562219,0.0
Est-562219,0.0
Pay-562219,0.0
Emp-611210,0.0
Est-611210,0.0
Pay-611210,0.0
Emp-611410,0.0
Est-611410,0.0
Pay-611410,0.0
Emp-611511,0.0
Est-611511,0.0
Pay-611511,0.0
Emp-611512,0.0
Est-611512,0.0
Pay-611512,0.0
Emp-611513,0.0
Est-611513,0.0
Pay-611513,0.0
Emp-611630,0.0
Est-611630,0.0
Pay-611630,0.0
Emp-621991,0.0
Est-621991,0.0
Pay-621991,0.0
Emp-622210,0.0
Est-622210,0.0
Pay-622210,0.0
Emp-622310,0.0
Est-622310,0.0
Pay-622310,0.0
Emp-711120,0.0
Est-711120,0.0
Pay-711120,0.0
Emp-711190,0.0
Est-711190,0.0
Pay-711190,0.0
Emp-711211,0.0
Est-711211,0.0
Pay-711211,0.0
Emp-711212,0.0
Est-711212,0.0
Pay-711212,0.0
Emp-811112,0.0
Est-811112,0.0
Pay-811112,0.0
Emp-811211,0.0
Est-811211,0.0
Pay-811211,0.0
Emp-811213,0.0
Est-811213,0.0
Pay-811213,0.0
Emp-812191,0.0
Est-812191,0.0
Pay-812191,0.0
Emp-812331,0.0
Est-812331,0.0
Pay-812331,0.0
Emp-812921,0.0
Est-812921,0.0
Pay-812921,0.0
Emp-812922,0.0
Est-812922,0.0
Pay-812922,0.0
Emp-212319,0.0
Est-212319,0.0
Pay-212319,0.0
Emp-311911,0.0
Est-311911,0.0
Pay-311911,0.0
Emp-333244,0.0
Est-333244,0.0
Pay-333244,0.0
Emp-335921,0.0
Est-335921,0.0
Pay-335921,0.0
Emp-524128,0.0
Est-524128,0.0
Pay-524128,0.0
Emp-311930,0.0
Est-311930,0.0
Pay-311930,0.0
Emp-333120,0.0
Est-333120,0.0
Pay-333120,0.0
Emp-333413,0.0
Est-333413,0.0
Pay-333413,0.0
Emp-336991,0.0
Est-336991,0.0
Pay-336991,0.0
Emp-336999,0.0
Est-336999,0.0
Pay-336999,0.0
Emp-311111,0.0
Est-311111,0.0
Pay-311111,0.0
Emp-311211,0.0
Est-311211,0.0
Pay-311211,0.0
Emp-326130,0.0
Est-326130,0.0
Pay-326130,0.0
Emp-326150,0.0
Est-326150,0.0
Pay-326150,0.0
Emp-326220,0.0
Est-326220,0.0
Pay-326220,0.0
Emp-333924,0.0
Est-333924,0.0
Pay-333924,0.0
Emp-486910,0.0
Est-486910,0.0
Pay-486910,0.0
Emp-313230,0.0
Est-313230,0.0
Pay-313230,0.0
Emp-335210,0.0
Est-335210,0.0
Pay-335210,0.0
Emp-483112,0.0
Est-483112,0.0
Pay-483112,0.0
Unnamed: 0,0.0
